,date,dx,dy,distance,x,y,lon,lat
0,2022-04-18,7,4446,28691.037608488685,-2084743.5855253465,1923489.5205887253,-47.303807531535064,-64.27576774729238
1,2022-04-17,1289,-3587,25566.35424694737,-2083454.5855253465,1919902.5205887253,-47.339445275725424,-64.3069376760657
2,2022-04-16,3164,-12223,27186.929500461694,-2080290.5855253465,1907679.5205887253,-47.47838279675755,-64.40471315426574
3,2022-04-15,8310,-12649,31567.88888433699,-2071980.5855253465,1895030.5205887253,-47.554007454277134,-64.53999322911253
4,2022-04-14,6817,-24931,16737.9474939991,-2065163.5855253465,1870099.5205887253,-47.83772834431804,-64.74114179408967
5,2022-04-13,10079,-18140,9141.208463885167,-2055084.5855253465,1851959.5205887253,-47.97609649187145,-64.92210154219505
6,2022-04-12,1926,-2520,29592.017361730464,-2053158.5855253465,1849439.5205887253,-47.98817802585967,-64.95082284122545
7,2022-04-11,-5902,2135,35220.84543277194,-2059060.5855253465,1851574.5205887253,-48.03708712436377,-64.89725017467164
8,2022-04-10,1356,-10831,35149.488696309396,-2057704.5855253465,1840743.5205887253,-48.18540679844759,-64.97317119609386
9,2022-04-09,4574,-4022,25416.12305279504,-2053130.5855253465,1836721.5205887253,-48.18432597333751,-65.02927290904138
10,2022-04-08,4349,701,24403.581450945185,-2048781.5855253465,1837422.5205887253,-48.11307974718645,-65.05480228572003
11,2022-04-07,6622,-8354,27829.6445584696,-2042159.5855253465,1829068.5205887253,-48.15065650259019,-65.15156460229962
12,2022-04-06,14136,-17998,77940.83804299684,-2028023.5855253465,1811070.5205887253,-48.23443172998769,-65.35903630074692
13,2022-04-05,17453,-18963,68969.04213943167,-2010570.5855253465,1792107.5205887253,-48.28801643152817,-65.59506632030805
14,2022-04-04,6998,-9461,96231.70163320398,-2003572.5855253465,1782646.5205887253,-48.33942495018382,-65.7010315089756
15,2022-04-03,-9435,-1912,87001.11957649744,-2013007.5855253465,1780734.5205887253,-48.503578891279695,-65.64777676003611
16,2022-04-02,-6684,2936,84912.3742591851,-2019691.5855253465,1783670.5205887253,-48.550987724454984,-65.58381059843184
17,2022-04-01,4456,-3524,88333.64310885836,-2015235.5855253465,1780146.5205887253,-48.54441905276479,-65.63600214401525
18,2022-03-31,11337,-3972,84435.45190997921,-2003898.5855253465,1776174.5205887253,-48.44752001947599,-65.7383201601054
19,2022-03-30,10864,-4531,105739.63016836844,-1993034.5855253465,1771643.5205887253,-48.365541729545065,-65.8407127542536
20,2022-03-29,21964,-14651,138742.70385751638,-1971070.5855253465,1756992.5205887253,-48.28650936443581,-66.08112167722183
21,2022-03-28,23689,-2457,146196.10518691852,-1947381.5855253465,1754535.5205887253,-47.982045950620986,-66.2583344922521
22,2022-03-27,24226,6237,119243.16164699443,-1923155.5855253465,1760772.5205887253,-47.52389444593243,-66.38458406651735
23,2022-03-26,7813,795,129072.83275717463,-1915342.5855253465,1761567.5205887253,-47.39481807815996,-66.4325313602144
24,2022-03-25,-3050,-2472,127960.8398025412,-1918392.5855253465,1759095.5205887253,-47.48032003441477,-66.42725456037839
25,2022-03-24,-10838,-168,68317.25137539195,-1929230.5855253465,1758927.5205887253,-47.64379139540407,-66.35481190292313
26,2022-03-23,-5016,-4898,125310.51928346288,-1934246.5855253465,1754029.5205887253,-47.79736959045935,-66.35098895260568
27,2022-03-22,1600,-5540,119727.2936648634,-1932646.5855253465,1748489.5205887253,-47.863961843535215,-66.39605354611072
28,2022-03-21,7220,-1891,114465.34337278636,-1925426.5855253465,1746598.5205887253,-47.78810856816089,-66.45687250371152
29,2022-03-20,513,-1845,113919.75309867192,-1924913.5855253465,1744753.5205887253,-47.81064461807078,-66.4717479648835
30,2022-03-19,-6961,-2786,112230.81725019433,-1931874.5855253465,1741967.5205887253,-47.95908130390534,-66.44147694980448
31,2022-03-18,-5103,-5152,108146.70660116324,-1936977.5855253465,1736815.5205887253,-48.11860614637541,-66.43826339118007
32,2022-03-17,1553,-6496,102305.4684039204,-1935424.5855253465,1730319.5205887253,-48.202464207163814,-66.48869571804721
33,2022-03-16,5754,-5507,157715.33185851356,-1929670.5855253465,1724812.5205887253,-48.208451337820016,-66.56180825361987
34,2022-03-15,8254,-3665,152931.38048650697,-1921416.5855253465,1721147.5205887253,-48.14696760173992,-66.64074132307462
35,2022-03-14,8916,-759,150082.14474362307,-1912500.5855253465,1720388.5205887253,-48.02705836916581,-66.70632217919656
36,2022-03-13,7286,1909,147687.35577171188,-1905214.5855253465,1722297.5205887253,-47.88669102005748,-66.74426479266603
37,2022-03-12,5492,1959,148623.2914577145,-1899722.5855253465,1724256.5205887253,-47.77198614083767,-66.76956087739894
38,2022-03-11,3509,1615,150094.61260511787,-1896213.5855253465,1725871.5205887253,-47.692563903708894,-66.78342803229422
39,2022-03-10,912,-2018,151507.9733003788,-1895301.5855253465,1723853.5205887253,-47.71221095899105,-66.80208878312472
40,2022-03-09,-990,-2327,149453.35688314654,-1896291.5855253465,1721526.5205887253,-47.765623477664334,-66.80972903303544
41,2022-03-08,205,406,147171.09549959624,-1896086.5855253465,1721932.5205887253,-47.755816580933775,-66.80861680719912
42,2022-03-07,1440,-1882,147567.2492277747,-1894646.5855253465,1720050.5205887253,-47.765335117691464,-66.8300176944993
43,2022-03-06,649,-4640,145628.39789599009,-1893997.5855253465,1715410.5205887253,-47.832582843317915,-66.8630425492302
44,2022-03-05,58,-6580,140968.91573214703,-1893939.5855253465,1708830.5205887253,-47.94125071162126,-66.9039401783969
45,2022-03-04,-1996,-6706,146978.1780460618,-1895935.5855253465,1702124.5205887253,-48.08328223391781,-66.93149874091411
46,2022-03-03,-3494,-8764,180670.28245212228,-1899429.5855253465,1693360.5205887253,-48.28267604000423,-66.96123028340658
47,2022-03-02,8653,-4602,181161.47479239685,-1890776.5855253465,1688758.5205887253,-48.23017278312863,-67.0485983853614
48,2022-03-01,13126,-5906,176340.56547214766,-1877650.5855253465,1682852.5205887253,-48.13157734111639,-67.1744856627668
49,2022-02-28,6969,-4749,170919.77034562436,-1870681.5855253465,1678103.5205887253,-48.10616119810475,-67.25116854534323
50,2022-02-27,2532,-273,166869.14762837597,-1868149.5855253465,1677830.5205887253,-48.07221874266806,-67.27012559041367
51,2022-02-26,1309,3552,143816.9460625421,-1866840.5855253465,1681382.5205887253,-47.992005701401936,-67.2572651971418
52,2022-02-25,2575,4370,169109.56401771627,-1864265.5855253465,1685752.5205887253,-47.878700081384196,-67.24794437449759
53,2022-02-24,4826,4775,114045.02097764231,-1859439.5855253465,1690527.5205887253,-47.724153346630004,-67.25131847608714
54,2022-02-23,2533,4189,148678.53911694782,-1856906.5855253465,1694716.5205887253,-47.61467902810861,-67.2426193433581
55,2022-02-22,4029,822,124520.00976959424,-1852877.5855253465,1695538.5205887253,-47.53886890466612,-67.26481449714568
56,2022-02-21,8678,113,159973.91230179273,-1844199.5855253465,1695651.5205887253,-47.40297856562881,-67.32277231486067
57,2022-02-20,3050,208,129300.51193134132,-1841149.5855253465,1695859.5205887253,-47.35222187814337,-67.34206453836426
58,2022-02-19,1791,-4248,149155.88847313076,-1839358.5855253465,1691611.5205887253,-47.39604066226359,-67.38053427984016
59,2022-02-18,6621,-3448,127347.63127303346,-1832737.5855253465,1688163.5205887253,-47.35133925030536,-67.44662275573583
60,2022-02-17,8062,609,169650.23318255102,-1824675.5855253465,1688772.5205887253,-47.21514358618416,-67.49714825787046
61,2022-02-16,7685,823,164025.9512398101,-1816990.5855253465,1689595.5205887253,-47.0806535196692,-67.54367268128709
62,2022-02-15,5946,-1398,159032.9493758272,-1811044.5855253465,1688197.5205887253,-47.010643621129056,-67.59230411309692
63,2022-02-14,7166,-1114,153856.2528734801,-1803878.5855253465,1687083.5205887253,-46.91619643990066,-67.64728907708255
64,2022-02-13,7719,-913,141381.1430683468,-1796159.5855253465,1686170.5205887253,-46.80908031893157,-67.70464205947704
65,2022-02-12,9691,5364,142342.557413487,-1786468.5855253465,1691534.5205887253,-46.563532532551406,-67.73554478666297
66,2022-02-11,3001,2046,123033.71587466629,-1783467.5855253465,1693580.5205887253,-46.480854584312326,-67.74260068855602
67,2022-02-10,-764,-420,125985.73439847954,-1784231.5855253465,1693160.5205887253,-46.50020331394729,-67.74017244755677
68,2022-02-09,-2708,-5872,179482.1500069238,-1786939.5855253465,1687288.5205887253,-46.64296075664921,-67.75914475156071
69,2022-02-08,-9284,-3230,173929.06665310834,-1796223.5855253465,1684058.5205887253,-46.84593114611926,-67.71745895575249
70,2022-02-07,-6122,1693,172056.11405059177,-1802345.5855253465,1685751.5205887253,-46.91447120945096,-67.66589248753611
71,2022-02-06,-5425,-1355,141262.66010166277,-1807770.5855253465,1684396.5205887253,-47.023349481743885,-67.63801719212228
72,2022-02-05,-2094,-2399,136894.88698045042,-1809864.5855253465,1681997.5205887253,-47.09715359059301,-67.63894591217075
73,2022-02-04,5618,-1859,133720.6019524192,-1804246.5855253465,1680138.5205887253,-47.039919034898666,-67.68825730936922
74,2022-02-03,13685,-1711,135685.20582416325,-1790561.5855253465,1678427.5205887253,-46.851424761865005,-67.79061359256508
75,2022-02-02,3182,5414,132819.59566676436,-1787379.5855253465,1683841.5205887253,-46.70848690100653,-67.77788670531365
76,2022-02-01,-5683,4336,109277.55666135243,-1793062.5855253465,1688177.5205887253,-46.725722450736605,-67.7127234393664
77,2022-01-31,-12286,6950,114743.15873211858,-1805348.5855253465,1695127.5205887253,-46.80350209362844,-67.58703290805666
78,2022-01-30,-11635,-2794,116403.04067503198,-1816983.5855253465,1692333.5205887253,-47.03427651330964,-67.52661760759288
79,2022-01-29,-6025,-496,117203.04974792368,-1823008.5855253465,1691837.5205887253,-47.137237900489495,-67.48925574343863
80,2022-01-28,2580,-2853,116309.55574096534,-1820428.5855253465,1688984.5205887253,-47.14499438295611,-67.52438954563777
81,2022-01-27,9702,568,113595.41961142144,-1810726.5855253465,1689552.5205887253,-46.98269646773617,-67.58596369065876
82,2022-01-26,7714,5195,109581.56270882902,-1803012.5855253465,1694747.5205887253,-46.77289214549929,-67.6050263004876
83,2022-01-25,-568,1096,103255.49265675321,-1803580.5855253465,1695843.5205887253,-46.76341298719843,-67.5943503373923
84,2022-01-24,-2356,2500,68992.08393136162,-1805936.5855253465,1698343.5205887253,-46.75861869307728,-67.56291423059156
85,2022-01-23,-2550,-556,118475.39694109617,-1808486.5855253465,1697787.5205887253,-46.80832499428505,-67.54936694354873
86,2022-01-22,-4335,-71,62807.079652857,-1812821.5855253465,1697716.5205887253,-46.877966381548816,-67.5208184774585
87,2022-01-21,-3839,109,122998.98329345051,-1816660.5855253465,1697825.5205887253,-46.93660023297946,-67.4944312039852
88,2022-01-20,-2447,-2052,78581.39120164809,-1819107.5855253465,1695773.5205887253,-47.009633643315674,-67.49086737044496
89,2022-01-19,862,-998,78718.08602192966,-1818245.5855253465,1694775.5205887253,-47.01291215313061,-67.50288839873974
90,2022-01-18,8194,-1645,77400.93399086177,-1810051.5855253465,1693130.5205887253,-46.911575694924,-67.56809220100398
91,2022-01-17,5868,-2364,70717.86923159505,-1804183.5855253465,1690766.5205887253,-46.85869303840414,-67.62217404421621
92,2022-01-16,-187,-4500,57655.236666518744,-1804370.5855253465,1686266.5205887253,-46.93783651830333,-67.64910917630061
93,2022-01-15,3224,-2838,43153.241716385564,-1801146.5855253465,1683428.5205887253,-46.93486551293913,-67.68846287905937
94,2022-01-14,5220,268,52382.611365394085,-1795926.5855253465,1683696.5205887253,-46.847349686087256,-67.72171417905916
95,2022-01-13,4281,3340,36437.939672680324,-1791645.5855253465,1687036.5205887253,-46.72244891665596,-67.72934825435411
96,2022-01-12,4341,3667,31107.03972571882,-1787304.5855253465,1690703.5205887253,-46.590971194249676,-67.73521502721852
97,2022-01-11,2467,6274,25632.882017111184,-1784837.5855253465,1696977.5205887253,-46.44549399892178,-67.71205141677211
98,2022-01-10,-4775,7657,21456.629102734252,-1789612.5855253465,1704634.5205887253,-46.39312555458923,-67.63195971791349
99,2022-01-09,-7611,6971,26196.74108642834,-1797223.5855253465,1711605.5205887253,-46.39778267531894,-67.5373579575373
100,2022-01-08,-2156,-1502,35237.10606273341,-1799379.5855253465,1710103.5205887253,-46.45720570194867,-67.53252851850577
101,2022-01-07,2024,-3920,36883.19097468765,-1797355.5855253465,1706183.5205887253,-46.49066292421942,-67.57073416859332
102,2022-01-06,4746,-3832,34086.32607469224,-1792609.5855253465,1702351.5205887253,-46.4793460690034,-67.62647513810548
103,2022-01-05,3994,1256,28945.66792253324,-1788615.5855253465,1703607.5205887253,-46.39442456374911,-67.64507059678739
104,2022-01-04,-254,11932,69068.64482313716,-1788869.5855253465,1715539.5205887253,-46.198744222998,-67.56781008202677
105,2022-01-03,-2849,17361,29199.61825305462,-1791718.5855253465,1732900.5205887253,-45.95605056893513,-67.43857097327025
106,2022-01-02,-7613,20885,97901.26919681429,-1799331.5855253465,1753785.5205887253,-45.734412713305865,-67.25504388387436
107,2022-01-01,-3614,6736,37807.143521232356,-1802945.5855253465,1760521.5205887253,-45.682089933250275,-67.18816230578994
108,2021-12-31,-1289,4888,21337.887917372518,-1804234.5855253465,1765409.5205887253,-45.62315025879705,-67.14835891521804
109,2021-12-30,1796,6503,20437.315751261984,-1802438.5855253465,1771912.5205887253,-45.489311797690306,-67.1183455208819
110,2021-12-29,4666,4007,24244.722013211627,-1797772.5855253465,1775919.5205887253,-45.35035832607117,-67.12303319150281
111,2021-12-28,7118,-1753,30230.684352725937,-1790654.5855253465,1774166.5205887253,-45.265003423358934,-67.18076958832499
112,2021-12-27,3867,-1117,30403.22531309898,-1786787.5855253465,1773049.5205887253,-45.221113834270284,-67.21317593645426
113,2021-12-26,-1433,3563,26406.484742534572,-1788220.5855253465,1776612.5205887253,-45.18656996237159,-67.1808164952711
114,2021-12-25,-7074,5391,29262.230610336326,-1795294.5855253465,1782003.5205887253,-45.21287530406787,-67.09991102116281
115,2021-12-24,-1721,-23,35573.87945100775,-1797015.5855253465,1781980.5205887253,-45.24069338791479,-67.08884948479128
116,2021-12-23,-430,-2633,34172.95520929647,-1797445.5855253465,1779347.5205887253,-45.28990602986238,-67.10305061200746
117,2021-12-22,-7260,254,84556.4820908663,-1804705.5855253465,1779601.5205887253,-45.4012863318825,-67.05402415754742
118,2021-12-21,-3082,-5477,26746.106766896966,-1807787.5855253465,1774124.5205887253,-45.538453961840354,-67.06910817972323
119,2021-12-20,2541,-11864,76623.61768426427,-1805246.5855253465,1762260.5205887253,-45.69034225911029,-67.16191223021399
120,2021-12-19,8136,-8829,19041.604852000124,-1797110.5855253465,1753431.5205887253,-45.70482190055138,-67.2718966027259
121,2021-12-18,490,-3575,28290.429321107968,-1796620.5855253465,1749856.5205887253,-45.755461885036596,-67.29800486584348
122,2021-12-17,8147,-6591,29944.614014139428,-1788473.5855253465,1743265.5205887253,-45.73337519687828,-67.3937076191192
123,2021-12-16,13709,-9579,32308.627471228818,-1774764.5855253465,1733686.5205887253,-45.67080661567253,-67.54502058693176
124,2021-12-15,14559,-6338,31344.655334893072,-1760205.5855253465,1727348.5205887253,-45.539781002660455,-67.68103560621697
125,2021-12-14,7953,-3096,26857.801466165594,-1752252.5855253465,1724252.5205887253,-45.461455056232154,-67.75291744929433
126,2021-12-13,-2461,-10106,26173.17297535117,-1754713.5855253465,1714146.5205887253,-45.67002288477545,-67.80165376971513
127,2021-12-12,-11635,-8665,16161.586626371378,-1766348.5855253465,1705481.5205887253,-46.00438921051388,-67.780487224983
128,2021-12-11,-8533,-1481,5443.493614701753,-1774881.5855253465,1704000.5205887253,-46.167220939068805,-67.73356412400734
129,2021-12-10,-618,-10631,11643.277754395296,-1775499.5855253465,1693369.5205887253,-46.35629997958174,-67.79683296097576
130,2021-12-09,-5129,-13714,13893.542419369918,-1780628.5855253465,1679655.5205887253,-46.67144923532474,-67.8492179639533
131,2021-12-08,-9530,-8067,27017.90256370891,-1790158.5855253465,1671588.5205887253,-46.96170006022225,-67.83612837878164
132,2021-12-07,-8807,-2655,39347.09295313431,-1798965.5855253465,1668933.5205887253,-47.14735194827294,-67.79362624622232
133,2021-12-06,-5259,-5608,40501.94574924294,-1804224.5855253465,1663325.5205887253,-47.32685408073722,-67.79313725878109
134,2021-12-05,1924,-6037,34063.47394038323,-1802300.5855253465,1657288.5205887253,-47.400203680311975,-67.84358121854048
135,2021-12-04,10237,-1315,31251.365535595574,-1792063.5855253465,1655973.5205887253,-47.26022545506507,-67.92071811513028
136,2021-12-03,10812,3717,32219.122180584218,-1781251.5855253465,1659690.5205887253,-47.02329489497287,-67.97016917614812
137,2021-12-02,2709,-3127,26602.54128694799,-1778542.5855253465,1656563.5205887253,-47.033692736282305,-68.00785568613952
138,2021-12-01,-9131,-5692,22471.01698393052,-1787673.5855253465,1650871.5205887253,-47.27830350137848,-67.9819810760023
139,2021-11-30,-6416,316,25857.825897681207,-1794089.5855253465,1651187.5205887253,-47.37513396942895,-67.93680006485853
140,2021-11-29,3951,-1244,31792.151254574186,-1790138.5855253465,1649943.5205887253,-47.33370680149007,-67.97114770379203
141,2021-11-28,2196,-3445,27672.034081033522,-1787942.5855253465,1646498.5205887253,-47.35833735041509,-68.00732868143892
142,2021-11-27,-2567,-3621,24376.98664014421,-1790509.5855253465,1642877.5205887253,-47.46214208698094,-68.01246455365879
143,2021-11-26,-4992,-3004,26012.01276863702,-1795501.5855253465,1639873.5205887253,-47.59381834659844,-67.99731437223376
144,2021-11-25,-8477,1846,30696.961846790524,-1803978.5855253465,1641719.5205887253,-47.69608555318684,-67.92852707985084
145,2021-11-24,-1637,-6689,22996.815939660835,-1805615.5855253465,1635030.5205887253,-47.838364476777826,-67.95861453426737
146,2021-11-23,4366,-9823,21160.549408154,-1801249.5855253465,1625207.5205887253,-47.94111562550694,-68.04863069148973
147,2021-11-22,6274,-9792,28252.301450641855,-1794975.5855253465,1615415.5205887253,-48.013889848856664,-68.15136387853208
148,2021-11-21,1395,-3028,38135.40752014364,-1793580.5855253465,1612387.5205887253,-48.045190240592646,-68.17940890913687
149,2021-11-20,4310,297,39021.93397561347,-1789270.5855253465,1612684.5205887253,-47.97139842679125,-68.20692637139831
150,2021-11-19,3542,-2796,35746.75681733776,-1785728.5855253465,1609888.5205887253,-47.964380858683406,-68.24816295569828
151,2021-11-18,12066,-4044,35649.186401035964,-1773662.5855253465,1605844.5205887253,-47.84283325226329,-68.35496701371181
152,2021-11-17,17389,-1166,30164.709210831355,-1756273.5855253465,1604678.5205887253,-47.58256413537421,-68.47991722218009
153,2021-11-16,9820,10073,29591.95590939765,-1746453.5855253465,1614751.5205887253,-47.24387206239019,-68.48370275840182
154,2021-11-15,-8209,-141,30235.30303681242,-1754662.5855253465,1614610.5205887253,-47.380268714075626,-68.4293406419913
155,2021-11-14,5759,3067,26205.67537456375,-1748903.5855253465,1617677.5205887253,-47.23220383862627,-68.44905137837556
156,2021-11-13,-3551,-3952,26423.26139168067,-1752454.5855253465,1613725.5205887253,-47.359973048183456,-68.44969921029258
157,2021-11-12,-8538,-9147,27928.946426206883,-1760992.5855253465,1604578.5205887253,-47.66089219124627,-68.44862331449062
158,2021-11-11,-6727,-12780,28311.09078868655,-1767719.5855253465,1591798.5205887253,-47.99755392323423,-68.48152374084776
159,2021-11-10,-11483,-10882,15211.91982479224,-1779202.5855253465,1580916.5205887253,-48.37720006300708,-68.46959045062694
160,2021-11-09,-8861,-6601,13956.664584395947,-1788063.5855253465,1574315.5205887253,-48.63742580325509,-68.44886610545434
161,2021-11-08,-10456,-4171,22291.64249283591,-1798519.5855253465,1570144.5205887253,-48.878373104698426,-68.40206286946444
162,2021-11-07,-5071,-4426,29713.153978673057,-1803590.5855253465,1565718.5205887253,-49.03836175279421,-68.39365327014465
163,2021-11-06,3274,-3779,26086.266879672756,-1800316.5855253465,1561939.5205887253,-49.05536759434606,-68.43896579966884
164,2021-11-05,5551,-2203,30632.922381779954,-1794765.5855253465,1559736.5205887253,-49.00780887578324,-68.49055614035177
165,2021-11-04,3685,-2273,33479.50060722493,-1791080.5855253465,1557463.5205887253,-48.99087408262906,-68.52966230732328
166,2021-11-03,1440,-5104,31685.583750049645,-1789640.5855253465,1552359.5205887253,-49.06116927065323,-68.57024560887331
167,2021-11-02,-3214,-2931,33998.57132040977,-1792854.5855253465,1549428.5205887253,-49.16562648527174,-68.5655661330278
168,2021-11-01,-3353,-14,38341.77301404616,-1796207.5855253465,1549414.5205887253,-49.218837756826545,-68.54242112285962
169,2021-10-31,-2325,-7117,40778.17222243339,-1798532.5855253465,1542297.5205887253,-49.385886356012605,-68.56876294115885
170,2021-10-30,-4609,-9912,41784.16577146299,-1803141.5855253465,1532385.5205887253,-49.640718136809674,-68.59558080530091
171,2021-10-29,2402,-6732,31863.147618083494,-1800739.5855253465,1525653.5205887253,-49.72748905801348,-68.65220317353085
172,2021-10-28,1396,-4153,30579.05690066773,-1799343.5855253465,1521500.5205887253,-49.78259276352891,-68.68650676864365
173,2021-10-27,1340,-6140,30520.71145498093,-1798003.5855253465,1515360.5205887253,-49.87575293041852,-68.73211820037506
174,2021-10-26,6400,-8539,30846.103363163646,-1791603.5855253465,1506821.5205887253,-49.93461161291542,-68.82722955071391
175,2021-10-25,5614,-6287,25842.14960299007,-1785989.5855253465,1500534.5205887253,-49.96403701252359,-68.90355025473195
176,2021-10-24,-15,3176,23634.341375788816,-1786004.5855253465,1503710.5205887253,-49.904598880649544,-68.88474494278186
177,2021-10-23,-4464,13523,21919.025081240325,-1790468.5855253465,1517233.5205887253,-49.72223669867579,-68.77371425657664
178,2021-10-22,-2914,14963,23692.299215826155,-1793382.5855253465,1532196.5205887253,-49.49070758670146,-68.66468112230017
179,2021-10-21,1026,6229,31816.029309251317,-1792356.5855253465,1538425.5205887253,-49.35966336009998,-68.63473550630873
180,2021-10-20,3124,4000,34901.683778146195,-1789232.5855253465,1542425.5205887253,-49.236695403658715,-68.63253783236095
181,2021-10-19,3711,4904,35725.79211833269,-1785521.5855253465,1547329.5205887253,-49.087862038064024,-68.6288844686428
182,2021-10-18,2535,12314,35318.7471902686,-1782986.5855253465,1559643.5205887253,-48.82262534289112,-68.57237906767841
183,2021-10-17,2419,11567,24140.324615349597,-1780567.5855253465,1571210.5205887253,-48.57413666974319,-68.5191348281716
184,2021-10-16,1292,5692,15660.299530022845,-1779275.5855253465,1576902.5205887253,-48.45068101425088,-68.49347887771609
185,2021-10-15,822,4455,13377.782356207948,-1778453.5855253465,1581357.5205887253,-48.357285560631524,-68.47203306540253
186,2021-10-14,-5468,2427,13391.728432906508,-1783921.5855253465,1583784.5205887253,-48.400991025649155,-68.41985645896996
187,2021-10-13,-5899,3968,19366.152889157667,-1789820.5855253465,1587752.5205887253,-48.42371981847809,-68.3553492942029
188,2021-10-12,-310,2987,26352.84092328476,-1790130.5855253465,1590739.5205887253,-48.37518106826435,-68.33506913481747
189,2021-10-11,2801,-6219,28006.676625116677,-1787329.5855253465,1584520.5205887253,-48.44206313329013,-68.3920456086003
190,2021-10-10,2101,-13099,22813.980885273555,-1785228.5855253465,1571421.5205887253,-48.64462033259742,-68.48585011424866
191,2021-10-09,-6458,-10312,20035.878607012073,-1791686.5855253465,1561109.5205887253,-48.93412654464904,-68.50356734286082
192,2021-10-08,-9381,452,30131.61004445972,-1801067.5855253465,1561561.5205887253,-49.074059620116685,-68.43603933909182
193,2021-10-07,-6056,316,30137.405353560698,-1807123.5855253465,1561877.5205887253,-49.163496075587084,-68.39222821861122
194,2021-10-06,-10890,3892,24764.8554459083,-1818013.5855253465,1565769.5205887253,-49.263227905799894,-68.2934562156238
195,2021-10-05,-7133,6536,13833.974765947996,-1825146.5855253465,1572305.5205887253,-49.25615116681755,-68.20490361410104
196,2021-10-04,1996,-1031,4200.995754056442,-1823150.5855253465,1571274.5205887253,-49.24373358775265,-68.22491446726104
197,2021-10-03,1845,-3964,6310.548276780608,-1821305.5855253465,1567310.5205887253,-49.286612041637426,-68.26140482724635
198,2021-10-02,2176,-3904,10502.023298600017,-1819129.5855253465,1563406.5205887253,-49.323393146037,-68.29982121972907
199,2021-10-01,-1778,2640,14936.746061376274,-1820907.5855253465,1566046.5205887253,-49.303275241844105,-68.27171618885338
200,2021-09-30,-4957,-3375,11754.674861101137,-1825864.5855253465,1562671.5205887253,-49.441338580421316,-68.25738942400494
201,2021-09-29,-9885,-7692,13084.71474278205,-1835749.5855253465,1554979.5205887253,-49.73359031727343,-68.23413148728271
202,2021-09-28,-4250,-1088,22149.46937090254,-1839999.5855253465,1553891.5205887253,-49.81869226007321,-68.2108488827143
203,2021-09-27,4396,-1859,24959.784799584355,-1835603.5855253465,1552032.5205887253,-49.78494001138318,-68.25258568524961
204,2021-09-26,-4210,-3977,24872.421953416266,-1839813.5855253465,1548055.5205887253,-49.922080160334616,-68.24659703999669
205,2021-09-25,-8226,405,30102.722125887012,-1848039.5855253465,1548460.5205887253,-50.04057430057754,-68.18651969837875
206,2021-09-24,3971,-818,33920.28496983175,-1844068.5855253465,1547642.5205887253,-49.99479947729468,-68.2191989810594
207,2021-09-23,6832,-1471,32405.397240622755,-1837236.5855253465,1546171.5205887253,-49.91688886357841,-68.27576087282766
208,2021-09-22,787,1312,30950.39309867539,-1836449.5855253465,1547483.5205887253,-49.88084925026203,-68.27353456679722
209,2021-09-21,-2892,5538,29462.03227920528,-1839341.5855253465,1553021.5205887253,-49.824407780396314,-68.22059319047925
210,2021-09-20,-905,1812,25413.357826000512,-1840246.5855253465,1554833.5205887253,-49.805366239896884,-68.20355396948186
211,2021-09-19,4898,-5211,24270.570681205874,-1835348.5855253465,1549622.5205887253,-49.824910216875935,-68.26861238403373
212,2021-09-18,6945,-8331,27096.130868198852,-1828403.5855253465,1541291.5205887253,-49.870076721415955,-68.36640466983869
213,2021-09-17,8019,-12520,27810.827478571176,-1820384.5855253465,1528771.5205887253,-49.97622838003327,-68.49636813753253
214,2021-09-16,10673,-12325,17447.625033703676,-1809711.5855253465,1516446.5205887253,-50.0386996385505,-68.64370483051387
215,2021-09-15,13552,-10974,19309.637829406416,-1796159.5855253465,1505472.5205887253,-50.03154366250354,-68.80324316995501
216,2021-09-14,8326,-9670,30593.25394318399,-1787833.5855253465,1495802.5205887253,-50.08224448044576,-68.9184343258993
217,2021-09-13,8117,-9897,28052.74787459779,-1779716.5855253465,1485905.5205887253,-50.14111247034532,-69.03345052974699
218,2021-09-12,5265,-2287,31334.726637538304,-1774451.5855253465,1483618.5205887253,-50.10101286517825,-69.08381043992235
219,2021-09-11,812,1513,31797.143354261698,-1773639.5855253465,1485131.5205887253,-50.05936362979423,-69.08062660590475
220,2021-09-10,851,-1353,30138.13046758957,-1772788.5855253465,1483778.5205887253,-50.071533196331025,-69.09453609864504
221,2021-09-09,-1086,-1897,31288.268967590193,-1773874.5855253465,1481881.5205887253,-50.124871000413194,-69.09804540472078
222,2021-09-08,-1826,-384,30246.386979979732,-1775700.5855253465,1481497.5205887253,-50.16117700933101,-69.08747756599516
223,2021-09-07,-2164,2766,30286.482678945114,-1777864.5855253465,1484263.5205887253,-50.14293069099103,-69.05607618181186
224,2021-09-06,5373,1613,32165.04987414715,-1772491.5855253465,1485876.5205887253,-50.02695650722915,-69.08429850979307
225,2021-09-05,217,1652,29171.929044816996,-1772274.5855253465,1487528.5205887253,-49.99215490535859,-69.07611002522401
226,2021-09-04,-174,-1015,27509.036651339375,-1772448.5855253465,1486513.5205887253,-50.01418142379892,-69.08085703105156
227,2021-09-03,7301,-4596,28538.516599282186,-1765147.5855253465,1481917.5205887253,-49.98509185506981,-69.1590144023299
228,2021-09-02,2981,-900,29821.62874305727,-1762166.5855253465,1481017.5205887253,-49.954539429423484,-69.18517801729315
229,2021-09-01,3377,-2499,29362.402665903854,-1758789.5855253465,1478518.5205887253,-49.948064077264654,-69.22351513301976
230,2021-08-31,7689,-3037,27835.28668219276,-1751100.5855253465,1475481.5205887253,-49.88243162587929,-69.29517548497195
231,2021-08-30,6975,-4144,28704.664211656687,-1744125.5855253465,1471337.5205887253,-49.849152028662324,-69.36833950941987
232,2021-08-29,2662,-9716,30524.79986226219,-1741463.5855253465,1461621.5205887253,-49.993048847776556,-69.44413309769767
233,2021-08-28,-7376,-3502,28081.793905139857,-1748839.5855253465,1458119.5205887253,-50.17986884479375,-69.41296185234606
234,2021-08-27,-7109,484,19976.52933008574,-1755948.5855253465,1458603.5205887253,-50.28480333362011,-69.36018619168811
235,2021-08-26,-1021,-1112,13570.412149383998,-1756969.5855253465,1457491.5205887253,-50.32264664240472,-69.35949747884962
236,2021-08-25,2223,1056,12156.93659115349,-1754746.5855253465,1458547.5205887253,-50.26659927327989,-69.36896384183859
237,2021-08-24,2864,3030,14617.985626124051,-1751882.5855253465,1461577.5205887253,-50.16210709279061,-69.3713575340658
238,2021-08-23,834,1556,18570.834496662428,-1751048.5855253465,1463133.5205887253,-50.11869175653991,-69.36809377321256
239,2021-08-22,3030,-1082,20096.20276270191,-1748018.5855253465,1462051.5205887253,-50.09071996510939,-69.3956855987265
240,2021-08-21,795,-1275,22201.054828484706,-1747223.5855253465,1460776.5205887253,-50.10249277124088,-69.40873566035003
241,2021-08-20,552,-1414,22399.615532085678,-1746671.5855253465,1459362.5205887253,-50.120887819882796,-69.42089489452394
242,2021-08-19,2790,-1865,22421.452627239712,-1743881.5855253465,1457497.5205887253,-50.111871149649986,-69.45139209819682
243,2021-08-18,4558,-3010,24616.41629952762,-1739323.5855253465,1454487.5205887253,-50.09636952536828,-69.50099491017073
244,2021-08-17,4117,-5294,28692.57351721166,-1735206.5855253465,1449193.5205887253,-50.13235994863159,-69.56088636608446
245,2021-08-16,5240,-8561,29567.023666151577,-1729966.5855253465,1440632.5205887253,-50.21410367449216,-69.64775679362438
246,2021-08-15,8301,-10726,27133.501631031948,-1721665.5855253465,1429906.5205887253,-50.28912283889383,-69.76872058261347
247,2021-08-14,10051,-11346,28107.17267275991,-1711614.5855253465,1418560.5205887253,-50.34856971139024,-69.90554616524737
248,2021-08-13,10305,-6203,28218.4509208988,-1701309.5855253465,1412357.5205887253,-50.30193208616707,-70.01414375539902
249,2021-08-12,13612,-5969,22301.084797147305,-1687697.5855253465,1406388.5205887253,-50.19495252037817,-70.14454737877853
250,2021-08-11,19628,-3487,24710.483496822784,-1668069.5855253465,1402901.5205887253,-49.935058024102055,-70.30236676746514
251,2021-08-10,15155,3035,25979.647634440924,-1652914.5855253465,1405936.5205887253,-49.616167622340605,-70.39008676704816
252,2021-08-09,2823,4663,16512.57439759647,-1650091.5855253465,1410599.5205887253,-49.47414701228926,-70.38207837812571
253,2021-08-08,-6147,2031,19726.761851663858,-1656238.5855253465,1412630.5205887253,-49.538644963738534,-70.32737741402937
254,2021-08-07,1383,34,23976.358494961976,-1654855.5855253465,1412664.5205887253,-49.514330471793194,-70.336778106902
255,2021-08-06,14603,7706,23370.506745853076,-1640252.5855253465,1420370.5205887253,-49.109198078463045,-70.39198606789928
256,2021-08-05,6745,14848,29071.243532227967,-1633507.5855253465,1435218.5205887253,-48.697089229033004,-70.34930070965494
257,2021-08-04,14,7840,21496.13312473121,-1633493.5855253465,1443058.5205887253,-48.54202427009408,-70.30209379689843
258,2021-08-03,1466,866,15089.214917709054,-1632027.5855253465,1443924.5205887253,-48.499439090522,-70.30688317318176
259,2021-08-02,277,3493,15543.017964973473,-1631750.5855253465,1447417.5205887253,-48.42589838698551,-70.28763427464413
260,2021-08-01,-2323,4846,13756.564909738652,-1634073.5855253465,1452263.5205887253,-48.37128595451503,-70.24240929695755
261,2021-07-31,-543,4557,9871.660747301428,-1634616.5855253465,1456820.5205887253,-48.29159361334183,-70.21105112212393
262,2021-07-30,3314,7425,9549.239661451553,-1631302.5855253465,1464245.5205887253,-48.08907772929107,-70.18841338710538
263,2021-07-29,3723,7148,16071.580141018287,-1627579.5855253465,1471393.5205887253,-47.88522573179562,-70.16999109770983
264,2021-07-28,417,4364,23686.571682551723,-1627162.5855253465,1475757.5205887253,-47.79349647975624,-70.14607148829207
265,2021-07-27,-1749,1999,27288.52538000619,-1628911.5855253465,1477756.5205887253,-47.78553182781734,-70.12198271640985
266,2021-07-26,313,-1094,27931.75808781357,-1628598.5855253465,1476662.5205887253,-47.80116811230951,-70.1308094941962
267,2021-07-25,3985,-2972,27185.154794789873,-1624613.5855253465,1473690.5205887253,-47.78875947718497,-70.17598596608899
268,2021-07-24,4720,-5315,27397.064685149544,-1619893.5855253465,1468375.5205887253,-47.80881933944075,-70.2404968451679
269,2021-07-23,3441,-6895,27817.169068950017,-1616452.5855253465,1461480.5205887253,-47.88237372461814,-70.30601989416935
270,2021-07-22,3577,-6576,28297.11878177349,-1612875.5855253465,1454904.5205887253,-47.947762805098954,-70.37047526669986
271,2021-07-21,6552,-7177,30906.554029732557,-1606323.5855253465,1447727.5205887253,-47.97268442816583,-70.45874144603556
272,2021-07-20,18066,-4058,25849.04194430397,-1588257.5855253465,1443669.5205887253,-47.7302814783681,-70.60580109651411
273,2021-07-19,23298,5184,13180.286428880085,-1564959.5855253465,1448853.5205887253,-47.20620826437508,-70.73045074201715
274,2021-07-18,5770,7370,17660.597818082453,-1559189.5855253465,1456223.5205887253,-46.955695429757995,-70.72321509386967
275,2021-07-17,-1358,2473,22361.650870965386,-1560547.5855253465,1458696.5205887253,-46.93208096206163,-70.69876293008568
276,2021-07-16,3180,-5273,21293.92946298983,-1557367.5855253465,1453423.5205887253,-46.97728489748816,-70.75279225364093
277,2021-07-15,2476,-9265,24201.086815283004,-1554891.5855253465,1444158.5205887253,-47.11455503041679,-70.82690270496622
278,2021-07-14,3285,-9123,28747.06785838278,-1551606.5855253465,1435035.5205887253,-47.23516620768401,-70.90543094307216
279,2021-07-13,6831,-7927,35959.55045281997,-1544775.5855253465,1427108.5205887253,-47.26735174082777,-71.00023658256836
280,2021-07-12,10020,-3442,38507.992774271246,-1534755.5855253465,1423666.5205887253,-47.15045227811881,-71.08859538710622
281,2021-07-11,10308,4641,33764.50729728432,-1524447.5855253465,1428307.5205887253,-46.86485992855115,-71.12848049641153
282,2021-07-10,5337,7118,28050.197395270818,-1519110.5855253465,1435425.5205887253,-46.62242708897063,-71.11944807232675
283,2021-07-09,-3099,3471,20427.66100987121,-1522209.5855253465,1438896.5205887253,-46.61163694435063,-71.07717953105941
284,2021-07-08,-3330,-471,17230.23753941669,-1525539.5855253465,1438425.5205887253,-46.68349883130263,-71.05805143965699
285,2021-07-07,2401,-5230,18561.633025301355,-1523138.5855253465,1433195.5205887253,-46.742620662573806,-71.1066781560198
286,2021-07-06,5064,-91,23005.814745348212,-1518074.5855253465,1433104.5205887253,-46.64919895870821,-71.14084247813072
287,2021-07-05,3663,5379,22774.07984231453,-1514411.5855253465,1438483.5205887253,-46.47292711930824,-71.13137292788008
288,2021-07-04,2489,5149,18004.640726707046,-1511922.5855253465,1443632.5205887253,-46.32362154889545,-71.11543258985087
289,2021-07-03,-539,3797,14198.434768694373,-1512461.5855253465,1447429.5205887253,-46.258648826620025,-71.08796131674555
290,2021-07-02,-4291,5597,10756.74233861272,-1516752.5855253465,1453026.5205887253,-46.22927469757724,-71.02441286782222
291,2021-07-01,-4308,7603,3707.133839656686,-1521060.5855253465,1460629.5205887253,-46.16107673164284,-70.94807665677924
292,2021-06-30,-2945,8243,5143.907716192459,-1524005.5855253465,1468872.5205887253,-46.05535025860097,-70.87660854939308
293,2021-06-29,-373,2540,13894.959220412007,-1524378.5855253465,1471412.5205887253,-46.0128929965797,-70.85807900499054
294,2021-06-28,2796,-2763,16414.033165798737,-1521582.5855253465,1468649.5205887253,-46.01414351080165,-70.8939245369606
295,2021-06-27,7798,-5688,13025.331333184778,-1513784.5855253465,1462961.5205887253,-45.978136570793616,-70.98110494742302
296,2021-06-26,10962,-8092,8906.679872892631,-1502822.5855253465,1454869.5205887253,-45.92885514686051,-71.10423617308565
297,2021-06-25,1120,-1979,16358.1524702144,-1501702.5855253465,1452890.5205887253,-45.946482581573484,-71.12411992291243
298,2021-06-24,-5083,-542,17698.280223561145,-1506785.5855253465,1452348.5205887253,-46.05391042806745,-71.09421861055851
299,2021-06-23,-1618,-597,12852.597681787745,-1508403.5855253465,1451751.5205887253,-46.09640471404586,-71.08736995640541
300,2021-06-22,3403,1341,11503.616296972952,-1505000.5855253465,1453092.5205887253,-46.0053124511676,-71.101221224082
301,2021-06-21,5188,3436,14417.322103110435,-1499812.5855253465,1456528.5205887253,-45.83881290068927,-71.11340840740058
302,2021-06-20,4756,-2470,19350.3428525528,-1495056.5855253465,1454058.5205887253,-45.7964642606451,-71.16019328460236
303,2021-06-19,1225,-8171,24161.2943983476,-1493831.5855253465,1445887.5205887253,-45.93435765794064,-71.22007285773961
304,2021-06-18,4020,-12369,27210.17016147863,-1489811.5855253465,1433518.5205887253,-46.10317902572919,-71.3247236150547
305,2021-06-17,14436,-7956,36873.35967154909,-1475375.5855253465,1425562.5205887253,-45.983750020475306,-71.46974658012087
306,2021-06-16,8009,1101,36204.402091963966,-1467366.5855253465,1426663.5205887253,-45.8057829376626,-71.51516452311141
307,2021-06-15,-2221,-139,31859.91609476332,-1469587.5855253465,1426524.5205887253,-45.85188348004192,-71.5015324110503
308,2021-06-14,2980,-2227,32799.933914034955,-1466607.5855253465,1424297.5205887253,-45.838496940552055,-71.53514666540727
309,2021-06-13,6249,-2021,31552.68310570382,-1460358.5855253465,1422276.5205887253,-45.7568820171017,-71.5887972816484
310,2021-06-12,7173,542,28326.496672996196,-1453185.5855253465,1422818.5205887253,-45.60495045831805,-71.6320998686783
311,2021-06-11,11860,6551,29037.675173027783,-1441325.5855253465,1429369.5205887253,-45.23862795395853,-71.66716927110393
312,2021-06-10,13154,12747,31325.962746551493,-1428171.5855253465,1442116.5205887253,-44.72163782557803,-71.66973300857964
313,2021-06-09,3351,11756,32008.082369165742,-1424820.5855253465,1453872.5205887253,-44.42178735400186,-71.61486682745083
314,2021-06-08,-2420,4313,30931.959885123128,-1427240.5855253465,1458185.5205887253,-44.38555133946449,-71.57136918176644
315,2021-06-07,-3264,-3419,29474.5048244818,-1430504.5855253465,1454766.5205887253,-44.5182172947875,-71.57277950569605
316,2021-06-06,1494,-6484,26241.44314344959,-1429010.5855253465,1448282.5205887253,-44.61624207560908,-71.62441365318004
317,2021-06-05,7553,-8147,28911.188956336904,-1421457.5855253465,1440135.5205887253,-44.62602941356291,-71.72556234203914
318,2021-06-04,9671,-9861,32386.614274423064,-1411786.5855253465,1430274.5205887253,-44.62728960772439,-71.8513555942543
319,2021-06-03,4786,-9816,32438.67249496047,-1407000.5855253465,1420458.5205887253,-44.72728975795196,-71.94556041554888
320,2021-06-02,2900,-9679,28339.154521579123,-1404100.5855253465,1410779.5205887253,-44.86405315387518,-72.02670329703037
321,2021-06-01,5830,-6866,18414.830709328144,-1398270.5855253465,1403913.5205887253,-44.88462002712399,-72.10844951672982
322,2021-05-31,7345,-3905,9681.95528213249,-1390925.5855253465,1400008.5205887253,-44.813534828252884,-72.1808063019254
323,2021-05-30,7567,-3524,6480.799724007237,-1383358.5855253465,1396484.5205887253,-44.72946131726267,-72.252086840209
324,2021-05-29,10281,-1204,11610.738541122539,-1373077.5855253465,1395280.5205887253,-44.54048315002394,-72.32562674524397
325,2021-05-28,17770,2483,21780.89402957467,-1355307.5855253465,1397763.5205887253,-44.11649463635465,-72.42246370906437
326,2021-05-27,19621,2687,23267.105040431074,-1335686.5855253465,1400450.5205887253,-43.64407109536359,-72.52859284197541
327,2021-05-26,16057,2938,6024.154180546135,-1319629.5855253465,1403388.5205887253,-43.238160523424156,-72.60963519464579
328,2021-05-25,11516,-1014,14750.853024112315,-1308113.5855253465,1402374.5205887253,-43.008263492461644,-72.68797936712889
329,2021-05-24,3724,-3026,24972.212187111807,-1304389.5855253465,1399348.5205887253,-42.98852160356848,-72.73121217953533
330,2021-05-23,-3768,3760,28008.581756534848,-1308157.5855253465,1403108.5205887253,-42.994270883155664,-72.68282334813807
331,2021-05-22,-2358,5887,25139.885803660694,-1310515.5855253465,1408995.5205887253,-42.92609040094439,-72.62901319475098
332,2021-05-21,5764,3654,25451.353010390805,-1304751.5855253465,1412649.5205887253,-42.726191221404235,-72.64027833173778
333,2021-05-20,7803,3239,32275.71558566344,-1296948.5855253465,1415888.5205887253,-42.4895673711243,-72.66664614887976
334,2021-05-19,6700,1260,33872.21640558678,-1290248.5855253465,1417148.5205887253,-42.31642131248605,-72.69928171268104
335,2021-05-18,4020,-1210,29550.617475241183,-1286228.5855253465,1415938.5205887253,-42.25178671052057,-72.73202670655395
336,2021-05-17,1742,-3563,25926.870074069662,-1284486.5855253465,1412375.5205887253,-42.284988747846924,-72.76666615768704
337,2021-05-16,800,-1729,22111.55882646728,-1283686.5855253465,1410646.5205887253,-42.3021555249642,-72.78319530003293
338,2021-05-15,558,-3849,20312.973411545216,-1283128.5855253465,1406797.5205887253,-42.36768901560318,-72.81249137131427
339,2021-05-14,-2532,-7704,17350.997845422764,-1285660.5855253465,1399093.5205887253,-42.58064798511855,-72.84862119715544
340,2021-05-13,-4301,-4049,16566.67409304629,-1289961.5855253465,1395044.5205887253,-42.75876208951486,-72.84918531236153
341,2021-05-12,-2489,4030,20661.647031959517,-1292450.5855253465,1399074.5205887253,-42.73143161595271,-72.80690410553979
342,2021-05-11,-3701,1024,23283.804072703733,-1296151.5855253465,1400098.5205887253,-42.79220308666215,-72.77721169672826
343,2021-05-10,-7088,-5298,27087.21456758642,-1303239.5855253465,1394800.5205887253,-43.05635111266979,-72.76859220082005
344,2021-05-09,-2447,-4792,28914.18107133651,-1305686.5855253465,1390008.5205887253,-43.20835962347392,-72.78518327408464
345,2021-05-08,2443,-503,27036.704251498682,-1303243.5855253465,1389505.5205887253,-43.165163201297474,-72.80372559636548
346,2021-05-07,664,-1055,29530.92663086698,-1302579.5855253465,1388450.5205887253,-43.17230835778234,-72.81485548475499
347,2021-05-06,700,-6815,30410.895721766858,-1301879.5855253465,1381635.5205887253,-43.29763071697647,-72.86437212145908
348,2021-05-05,2100,-4003,33321.19195916651,-1299779.5855253465,1377632.5205887253,-43.334440912715266,-72.90396033744543
349,2021-05-04,9537,-6025,35695.18182275801,-1290242.5855253465,1371607.5205887253,-43.249181555707885,-73.00330561908405
350,2021-05-03,13879,-2766,32331.202966926925,-1276363.5855253465,1368841.5205887253,-42.99772115097639,-73.10792116072294
351,2021-05-02,14456,2461,28314.30885276026,-1261907.5855253465,1371302.5205887253,-42.62105354782293,-73.1808165041225
352,2021-05-01,13585,4053,26049.132505784783,-1248322.5855253465,1375355.5205887253,-42.228024503068305,-73.23693044913358
353,2021-04-30,16415,1891,29647.747912970608,-1231907.5855253465,1377246.5205887253,-41.81172120534922,-73.32403691006972
354,2021-04-29,17150,7676,32188.05567822554,-1214757.5855253465,1384922.5205887253,-41.254983828779054,-73.37516478870559
355,2021-04-28,4462,9245,14606.65553842798,-1210295.5855253465,1394167.5205887253,-40.96168783090903,-73.33851847874776
356,2021-04-27,-1851,4562,4743.695799793715,-1212146.5855253465,1398729.5205887253,-40.912379232219855,-73.29617169843473
357,2021-04-26,1033,-1768,5985.935225875797,-1211113.5855253465,1396961.5205887253,-40.924069174938055,-73.31446437324314
358,2021-04-25,4374,-5989,4675.638333815557,-1206739.5855253465,1390972.5205887253,-40.94330528601359,-73.38163231352237
359,2021-04-24,5212,-8025,5963.4578513104525,-1201527.5855253465,1382947.5205887253,-40.98464933915825,-73.46775520635163
360,2021-04-23,6036,-10635,14818.111339742729,-1195491.5855253465,1372312.5205887253,-41.0607877093895,-73.57666220614915
361,2021-04-22,12633,-10927,26940.016926782817,-1182858.5855253465,1361385.5205887253,-40.98619430603523,-73.72689206220095
362,2021-04-21,9102,982,36456.9583588517,-1173756.5855253465,1362367.5205887253,-40.746756599007874,-73.77424562385838
363,2021-04-20,4672,4945,40579.919835183784,-1169084.5855253465,1367312.5205887253,-40.53122636450198,-73.76779994317411
364,2021-04-19,12999,2360,39642.33950245078,-1156085.5855253465,1369672.5205887253,-40.16636844105858,-73.82791024012946
365,2021-04-18,6890,3473,30609.743397242244,-1149195.5855253465,1373145.5205887253,-39.92621048123545,-73.84402735731793
366,2021-04-17,-4196,-2778,25074.927567075938,-1153391.5855253465,1370367.5205887253,-40.08617486411721,-73.83885359609987
367,2021-04-16,1098,-3249,28946.13847576072,-1152293.5855253465,1367118.5205887253,-40.12629899522352,-73.8678493552689
368,2021-04-15,6799,-2444,31693.443893508993,-1145494.5855253465,1364674.5205887253,-40.00977237246059,-73.92458588988588
369,2021-04-14,4058,-5021,29985.72558440437,-1141436.5855253465,1359653.5205887253,-40.01364304415082,-73.98320625291392
370,2021-04-13,5441,-6347,25066.347827243924,-1135995.5855253465,1353306.5205887253,-40.01084507231153,-74.05911927523378
371,2021-04-12,4972,-1396,20252.85662936667,-1131023.5855253465,1351910.5205887253,-39.9162325874346,-74.09783343565688
372,2021-04-11,-520,320,21564.93748280995,-1131543.5855253465,1352230.5205887253,-39.922520323778286,-74.09257497285694
373,2021-04-10,-1051,-7212,21514.47418071585,-1132594.5855253465,1345018.5205887253,-40.09959677913179,-74.13659571082968
374,2021-04-09,1844,-14566,15400.815602671035,-1130750.5855253465,1330452.5205887253,-40.36118479675872,-74.24837327697455
375,2021-04-08,-2516,-10358,13967.375472744365,-1133266.5855253465,1320094.5205887253,-40.64522655004906,-74.30503778564305
376,2021-04-07,-8287,3858,18173.331415319604,-1141553.5855253465,1323952.5205887253,-40.76894753597893,-74.22942178631664
377,2021-04-06,-3791,5195,11056.405947923819,-1145344.5855253465,1329147.5205887253,-40.75192493005027,-74.17122442305573
378,2021-04-05,2622,-2448,5724.702861622213,-1142722.5855253465,1326699.5205887253,-40.73922028102193,-74.20360107094838
379,2021-04-04,3339,-3880,8133.01846435633,-1139383.5855253465,1322819.5205887253,-40.73929363824732,-74.25007451780776
380,2021-04-03,1939,-2756,12785.684847499993,-1137444.5855253465,1320063.5205887253,-40.75012668237421,-74.28051947416691
381,2021-04-02,2542,-4697,16079.07622774072,-1134902.5855253465,1315366.5205887253,-40.787733446387804,-74.32788097985195
382,2021-04-01,5114,-7656,21409.202514298744,-1129788.5855253465,1307710.5205887253,-40.825176511356204,-74.41081961192673
383,2021-03-31,418,-6269,30546.133826154648,-1129370.5855253465,1301441.5205887253,-40.950933265888146,-74.45631943457711
384,2021-03-30,-3618,-1329,33335.41078779624,-1132988.5855253465,1300112.5205887253,-41.07066078523542,-74.44387313170832
385,2021-03-29,-2958,-5691,30610.192577554117,-1135946.5855253465,1294421.5205887253,-41.269244639583015,-74.4650819230462
386,2021-03-28,411,-9696,24228.91576356917,-1135535.5855253465,1284725.5205887253,-41.472632008752896,-74.53358591298277
387,2021-03-27,-2399,-2435,15799.409542859079,-1137934.5855253465,1282290.5205887253,-41.5865991604369,-74.5356943061354
388,2021-03-26,-3159,-2274,12440.654134816374,-1141093.5855253465,1280016.5205887253,-41.71597775549875,-74.53206126473137
389,2021-03-25,-2575,-12941,8942.804516756087,-1143668.5855253465,1267075.5205887253,-42.06956451075895,-74.60387982840575
390,2021-03-24,-510,-17028,4816.259283144099,-1144178.5855253465,1250047.5205887253,-42.46811952188052,-74.71510732899765
391,2021-03-23,4225,-11472,21754.258177523712,-1139953.5855253465,1238575.5205887253,-42.62568145231417,-74.81770990724024
392,2021-03-22,1914,-8682,30247.41317326883,-1138039.5855253465,1229893.5205887253,-42.77856668741751,-74.88736834404808
393,2021-03-21,2812,-4460,22282.20172282349,-1135227.5855253465,1225433.5205887253,-42.811669804316466,-74.93438650913228
394,2021-03-20,1486,258,19390.7423195586,-1133741.5855253465,1225691.5205887253,-42.76824419667108,-74.9418259839057
395,2021-03-19,-626,3262,20405.561034918617,-1134367.5855253465,1228953.5205887253,-42.70810489377741,-74.91623918923415
396,2021-03-18,1889,15756,22879.211072906528,-1132478.5855253465,1244709.5205887253,-42.29697971815808,-74.82243719113715
397,2021-03-17,8216,24108,29683.446403822178,-1124262.5855253465,1268817.5205887253,-41.54322643024866,-74.70948415549397
398,2021-03-16,-3141,19669,20572.009068835017,-1127403.5855253465,1288486.5205887253,-41.185368066040745,-74.55669151387804
399,2021-03-15,-3985,9133,23976.07380064441,-1131388.5855253465,1297619.5205887253,-41.08502593388667,-74.4704720180178
400,2021-03-14,-2214,-3909,29013.659830972563,-1133602.5855253465,1293710.5205887253,-41.22618138607063,-74.48396026505205
401,2021-03-13,5556,-10663,24525.874893422988,-1128046.5855253465,1283047.5205887253,-41.32171327846633,-74.58995184726844
402,2021-03-12,12509,-4049,20029.133540124243,-1115537.5855253465,1278998.5205887253,-41.09481172412692,-74.69237386513994
403,2021-03-11,13158,6134,29958.41082998218,-1102379.5855253465,1285132.5205887253,-40.622810468547584,-74.72838376040464
404,2021-03-10,3380,1938,24499.364388005193,-1098999.5855253465,1287070.5205887253,-40.493242862469266,-74.7349650478832
405,2021-03-09,3011,1667,22885.75510359746,-1095988.5855253465,1288737.5205887253,-40.37903111699257,-74.74117235155869
406,2021-03-08,3909,4245,21892.03197335244,-1092079.5855253465,1292982.5205887253,-40.18512285286056,-74.73472110590602
407,2021-03-07,1548,4879,23203.94579829511,-1090531.5855253465,1297861.5205887253,-40.03874551301222,-74.7099139443558
408,2021-03-06,865,5924,27079.201389163365,-1089666.5855253465,1303785.5205887253,-39.88791118857075,-74.6737560026587
409,2021-03-05,2815,4397,32494.40659378706,-1086851.5855253465,1308182.5205887253,-39.72015345551231,-74.6594564079703
410,2021-03-04,2872,589,27742.4323423821,-1083979.5855253465,1308771.5205887253,-39.63298274699094,-74.67198134228383
411,2021-03-03,887,-432,26690.82109925349,-1083092.5855253465,1308339.5205887253,-39.61923428323818,-74.68013372736397
412,2021-03-02,5249,-7234,36037.819414148165,-1077843.5855253465,1301105.5205887253,-39.63855356922833,-74.76106371224712
413,2021-03-01,8935,-4938,28997.80851759656,-1068908.5855253465,1296167.5205887253,-39.51132954499712,-74.8472397517859
414,2021-02-28,10465,2484,26945.93070395715,-1058443.5855253465,1298651.5205887253,-39.18116331628606,-74.89000396287342
415,2021-02-27,4032,5244,34977.42801030354,-1054411.5855253465,1303895.5205887253,-38.96117366204726,-74.87612474475988
416,2021-02-26,-2367,-2153,41580.999325491925,-1056778.5855253465,1301742.5205887253,-39.07032893269118,-74.87778230232438
417,2021-02-25,-2570,0,38407.73874767087,-1059348.5855253465,1301742.5205887253,-39.13844535721911,-74.86307692611861
418,2021-02-24,-1394,-1433,36807.04795893262,-1060742.5855253465,1300309.5205887253,-39.20624487933128,-74.86516714262423
419,2021-02-23,-787,1218,34824.6922611739,-1061529.5855253465,1301527.5205887253,-39.200783625476916,-74.85209189133325
420,2021-02-22,2289,-3193,35360.294996333025,-1059240.5855253465,1298334.5205887253,-39.20913637796694,-74.887663469029
421,2021-02-21,6978,-4164,34216.10876574692,-1052262.5855253465,1294170.5205887253,-39.113828181290714,-74.9569256467721
422,2021-02-20,11883,-3672,36479.2981268545,-1040379.5855253465,1290498.5205887253,-38.8752132655029,-75.05063481875946
423,2021-02-19,11724,3022,28285.419440431684,-1028655.5855253465,1293520.5205887253,-38.49302451234705,-75.09570097836853
424,2021-02-18,5488,6829,23132.015669708697,-1023167.5855253465,1300349.5205887253,-38.197099569817894,-75.07800456989207
425,2021-02-17,-2433,796,27933.734573738056,-1025600.5855253465,1301145.5205887253,-38.246202258302944,-75.05867988929337
426,2021-02-16,-731,2258,29230.541765476177,-1026331.5855253465,1303403.5205887253,-38.21775435126191,-75.03848952981251
427,2021-02-15,944,4046,31599.986754596386,-1025387.5855253465,1307449.5205887253,-38.10586699580624,-75.01492545185242
428,2021-02-14,3001,-2004,29379.66441438878,-1022386.5855253465,1305445.5205887253,-38.06700403712714,-75.04602233556756
429,2021-02-13,6522,-8976,30727.861355391367,-1015864.5855253465,1296469.5205887253,-38.08090959672277,-75.14658506430395
430,2021-02-12,6108,-2692,23745.348978393784,-1009756.5855253465,1293777.5205887253,-37.971026049873174,-75.19993819303798
431,2021-02-11,4707,2436,22598.492735345342,-1005049.5855253465,1296213.5205887253,-37.789050857526945,-75.20871110102452
432,2021-02-10,2155,1274,26850.9352947664,-1002894.5855253465,1297487.5205887253,-37.70227429260191,-75.2115386191624
433,2021-02-09,234,3562,29048.075594495764,-1002660.5855253465,1301049.5205887253,-37.61983107932393,-75.18726381528792
434,2021-02-08,-1127,-283,37916.37136168671,-1003787.5855253465,1300766.5205887253,-37.65698422485083,-75.18305481831887
435,2021-02-07,361,-32,37744.202555705146,-1003426.5855253465,1300734.5205887253,-37.64769830728735,-75.18528441208532
436,2021-02-06,-3241,897,37909.05034611396,-1006667.5855253465,1301631.5205887253,-37.71797450043406,-75.16087978452148
437,2021-02-05,-1163,-1656,35950.949984246465,-1007830.5855253465,1299975.5205887253,-37.78530839002486,-75.16629674058413
438,2021-02-04,2437,-4316,37201.972030633005,-1005393.5855253465,1295659.5205887253,-37.810408424346555,-75.21076878289502
439,2021-02-03,4196,-3283,42029.21824819201,-1001197.5855253465,1292376.5205887253,-37.764763756419946,-75.25761040962216
440,2021-02-02,8128,162,46502.02270044287,-993069.5855253465,1292538.5205887253,-37.53541395333587,-75.30146710333796
441,2021-02-01,10168,5267,49838.46710618027,-982901.5855253465,1297805.5205887253,-37.138708069151356,-75.31941344371081
442,2021-01-31,5513,3035,47848.41716061289,-977388.5855253465,1300840.5205887253,-36.919427134164415,-75.3275476772547
443,2021-01-30,-872,3401,42217.38228505725,-978260.5855253465,1304241.5205887253,-36.87213121248154,-75.29813895974391
444,2021-01-29,-3668,2599,39914.1204373766,-981928.5855253465,1306840.5205887253,-36.920320794660235,-75.25932383167566
445,2021-01-28,-965,-726,40258.27322816063,-982893.5855253465,1306114.5205887253,-36.96264869603741,-75.25932647210217
446,2021-01-27,2416,-3345,41447.57177854203,-980477.5855253465,1302769.5205887253,-36.965490758120396,-75.29673470474927
447,2021-01-26,3120,-2563,38938.47124813535,-977357.5855253465,1300206.5205887253,-36.93196903513932,-75.33231201307012
448,2021-01-25,3601,-2793,42735.11041527308,-973756.5855253465,1297413.5205887253,-36.88957647069202,-75.37216868150843
449,2021-01-24,2988,-1259,30531.010670181033,-970768.5855253465,1296154.5205887253,-36.8317622376067,-75.39755259722438
450,2021-01-23,4874,-1072,27746.86645667727,-965894.5855253465,1295082.5205887253,-36.71620245802667,-75.43179164549906
451,2021-01-22,4482,-377,24332.968720796664,-961412.5855253465,1294705.5205887253,-36.59656030682863,-75.45879234133132
452,2021-01-21,586,2570,22320.814174515195,-960826.5855253465,1297275.5205887253,-36.52548308388042,-75.4432424268251
453,2021-01-20,-2753,2053,24648.14424653213,-963579.5855253465,1299328.5205887253,-36.56056199604202,-75.41342758144924
454,2021-01-19,-1209,-1099,27381.82384271856,-964788.5855253465,1298229.5205887253,-36.618150859924164,-75.41489415961102
455,2021-01-18,2109,-921,26758.914831324688,-962679.5855253465,1297308.5205887253,-36.5775985819466,-75.4329973446088
456,2021-01-17,2591,283,25182.4775169533,-960088.5855253465,1297591.5205887253,-36.49775638442268,-75.44492070280057
457,2021-01-16,2640,-1024,24793.22265151701,-957448.5855253465,1296567.5205887253,-36.44396532902565,-75.46661259503225
458,2021-01-15,2226,-3459,23369.548909028195,-955222.5855253465,1293108.5205887253,-36.45337735923679,-75.50382524470619
459,2021-01-14,5983,-5425,19782.724434878975,-949239.5855253465,1287683.5205887253,-36.396466203726675,-75.57559870026932
460,2021-01-13,5565,-3488,15467.211141280583,-943674.5855253465,1284195.5205887253,-36.30982826018875,-75.6309625375788
461,2021-01-12,1064,-3493,15693.321914739916,-942610.5855253465,1280702.5205887253,-36.35346092176726,-75.66218171443174
462,2021-01-11,-674,-3105,14414.4766734219,-943284.5855253465,1277597.5205887253,-36.43944855868712,-75.68120976186592
463,2021-01-10,-1849,-2492,12465.012625315172,-945133.5855253465,1275105.5205887253,-36.5465783125898,-75.68940088459148
464,2021-01-09,-3027,-1696,10020.755388754187,-948160.5855253465,1273409.5205887253,-36.67078656804318,-75.6853792650717
465,2021-01-08,1171,770,6835.1786542268255,-946989.5855253465,1274179.5205887253,-36.62029242110136,-75.6861145151306
466,2021-01-07,-155,1099,8050.935171987154,-947144.5855253465,1275278.5205887253,-36.60113429313666,-75.67728106516572
467,2021-01-06,-484,-26,8089.575845994287,-947628.5855253465,1275252.5205887253,-36.615705680589535,-75.67485420195818
468,2021-01-05,1570,-91,7614.147075779333,-946058.5855253465,1275161.5205887253,-36.572190722946914,-75.68399937133371
469,2021-01-04,1871,-1309,9123.013274361694,-944187.5855253465,1273852.5205887253,-36.54607750971785,-75.7036299528707
470,2021-01-03,1878,236,10820.44587754766,-942309.5855253465,1274088.5205887253,-36.486446671347274,-75.7120391996429
471,2021-01-02,812,1326,12708.512071103485,-941497.5855253465,1275414.5205887253,-36.434353488035015,-75.7067470206417
472,2021-01-01,-200,-2020,13658.137783120197,-941697.5855253465,1273394.5205887253,-36.48357526376151,-75.72039446209742
